<?xml version="1.0"?>
<config xmlns:xsi="http://www.w3.org/2001/XMLSchema-instance"
xsi:noNamespaceSchemaLocation="../../../../../lib/internal/Magento/
Framework/Acl/etc/acl.xsd">
	<acl>
		<resources>
			<resource id="Magento_Backend::admin">
				<resource id="Magento_Backend::content">
					<resource id="Mageants_AgeVerification::ageverification" title="Age Verification"
					sortOrder="20" >
					<resource id="Mageants_AgeVerification::template" title="Templates"
					sortOrder="0"/>	
					<resource id="Mageants_AgeVerification::save" title="Edit Template"
					sortOrder="0"/>			
					</resource>
				</resource>
                <resource id="Magento_Backend::stores">
                    <resource id="Magento_Backend::stores_settings">
                        <resource id="Magento_Config::config">
					        <resource id="Mageants_AgeVerification::ageVerification_config" title="AgeVerification Configuration"
					sortOrder="0"/>	
                        </resource>
                    </resource>
                </resource>
			</resource>
		</resources>
	</acl>
</config>