<?xml version="1.0"?>
<config xmlns:xsi="http://www.w3.org/2001/XMLSchema-instance" xsi:noNamespaceSchemaLocation="urn:magento:module:Magento_Config:etc/system_file.xsd">
	<system>
		<tab id="zestard" translate="label" sortOrder="1">
			<label>Zestard Technologies</label>
		</tab>
		<section id="fbmessenger_settings" translate="label" sortOrder="130" showInDefault="1" showInWebsite="1" showInStore="1">
			<label>Facebook Messenger</label>
			<tab>zestard</tab>
			<resource>Zestardtech_FacebookMessenger::config</resource>
			<group id="fb_module" translate="label" type="text" sortOrder="10" showInDefault="1" showInWebsite="1" showInStore="1">
				<label>General Configuration</label>
				<field id="is_active" translate="label" type="select" sortOrder="1" showInDefault="1" showInWebsite="1" showInStore="1">
					<label>Module Enable</label>
					<source_model>Magento\Config\Model\Config\Source\Yesno</source_model>
				</field>
				<field id="login_greeting" translate="label" type="text" sortOrder="2" showInDefault="1" showInWebsite="1" showInStore="1">
					<label>Login Greeting</label>
					<depends>
						<field id="is_active">1</field>
					</depends>
				</field>
				<field id="logout_greeting" translate="label" type="text" sortOrder="3" showInDefault="1" showInWebsite="1" showInStore="1">
					<label>Default Greeting</label>
					<depends>
						<field id="is_active">1</field>
					</depends>
				</field>
				<field id="facebook_pageid" translate="label" type="text" sortOrder="4" showInDefault="1" showInWebsite="1" showInStore="1">
					<label>Facebook Page Id</label>
					<comment>Required Field</comment>
					<validate>required-entry</validate>
					<depends>
						<field id="is_active">1</field>
					</depends>
				</field>
				<field id="messenger_themecolor" translate="label" type="text" sortOrder="5" showInDefault="1" showInWebsite="1" showInStore="1">
					<label>Messenger Theme Color</label>
					<frontend_model>Zestardtech\FacebookMessenger\Block\Color</frontend_model>
					<depends>
						<field id="is_active">1</field>
					</depends>
				</field>
				<field id="display_view" type="select" translate="label" sortOrder="6" showInDefault="1" showInWebsite="1" showInStore="1">
					<label>Display icon in view(s)</label>
					<comment>Facebook Messenger Icon display in which screen on frontend</comment>
					<source_model>Zestardtech\FacebookMessenger\Model\Config\Source\DisplayViews</source_model>
					<depends>
						<field id="is_active">1</field>
					</depends>
				</field>
				<field id="desktop_icon_position" type="select" translate="label" sortOrder="7" showInDefault="1" showInWebsite="1" showInStore="1">
					<label>Icon Position in Desktop</label>
					<comment>Facebook Messenger Icon's position in desktop view</comment>
					<source_model>Zestardtech\FacebookMessenger\Model\Config\Source\DesktopPosition</source_model>
					<depends>
						<field id="is_active">1</field>
						<field id="display_view" separator=",">Desktop,Both</field>
					</depends>
				</field>
				<field id="mobile_icon_position" type="select" translate="label" sortOrder="8" showInDefault="1" showInWebsite="1" showInStore="1">
					<label>Icon Position in Mobile</label>
					<comment>Facebook Messenger Icon's position in mobile view</comment>
					<source_model>Zestardtech\FacebookMessenger\Model\Config\Source\MobilePosition</source_model>
					<depends>
						<field id="is_active">1</field>
						<field id="display_view" separator=",">Mobile,Both</field>
					</depends>
				</field>
				<field id="display_on_page" type="multiselect" translate="label" sortOrder="9" showInDefault="1" showInWebsite="1" showInStore="1">
					<label>Icon Display on Pages</label>
					<comment>Facebook Messenger Icon will display on selected page(s)</comment>
					<source_model>Zestardtech\FacebookMessenger\Model\Config\Source\DisplayOnPage</source_model>
					<depends>
						<field id="is_active">1</field>
					</depends>
				</field>
			</group>
		</section>
	</system>
</config>