<?xml version="1.0"?>
<config xmlns:xsi="http://www.w3.org/2001/XMLSchema-instance" xsi:noNamespaceSchemaLocation="urn:magento:module:Magento_Config:etc/system_file.xsd">
	<system>
		<tab id="mageants" translate="label" sortOrder="1">
			<label>Mageants</label>
		</tab>
		<section id="facebookchat" translate="label" sortOrder="130" showInDefault="1" showInWebsite="1" showInStore="1">
			<label>Facebook Chat</label>
			<tab>mageants</tab>
			<resource>Mageants_FacebookChat::config</resource>
			<group id="general" translate="label" type="text" sortOrder="10" showInDefault="1" showInWebsite="1" showInStore="1">
				<label>General Configuration</label>
				<field id="enable" translate="label" type="select" sortOrder="1" showInDefault="1" showInWebsite="1" showInStore="1">
					<label>Module Enable</label>
					<source_model>Magento\Config\Model\Config\Source\Yesno</source_model>
				</field>
				<field id="login_msg" translate="label" type="text" sortOrder="2" showInDefault="1" showInWebsite="1" showInStore="1">
					<label>Login Message</label>
				</field>
				<field id="guest_msg" translate="label" type="text" sortOrder="3" showInDefault="1" showInWebsite="1" showInStore="1">
					<label>Guest Message</label>
				</field>
				<field id="facebook_pageid" translate="label" type="text" sortOrder="4" showInDefault="1" showInWebsite="1" showInStore="1">
					<label>Facebook Page Id</label>
					<validate>required-entry</validate>
				</field>
				<field id="themecolor" translate="label" type="text" sortOrder="5" showInDefault="1" showInWebsite="1" showInStore="1">
					<label>Chat Theme Color</label>
					<frontend_model>Mageants\FacebookChat\Block\Color</frontend_model>
				</field>
				<field id="display_at" type="select" translate="label" sortOrder="6" showInDefault="1" showInWebsite="1" showInStore="1">
					<label>Icon Display At Frontend</label>
					<comment>Facebook Chat Icon will display on selected page(s)</comment>
					<source_model>Mageants\FacebookChat\Model\Config\Source\DisplayOnPage</source_model>
				</field>
			</group>
		</section>
	</system>
</config>