<config xmlns:xsi="http://www.w3.org/2001/XMLSchema-instance" xsi:noNamespaceSchemaLocation="urn:magento:framework:Acl/etc/acl.xsd">
	<acl>
		<resources>
			<resource id="Magento_Backend::admin">
				<resource id="Zestardtech_Core::core" title="Zestardtech Extensions" sortOrder="52" >
					<resource id="Zestardtech_FacebookMessenger::facebookmessenger" title="Zestardtech FacebookMessenger" sortOrder="11" />
				</resource>
				<resource id="Zestardtech_FacebookMessenger::config" title="FacebookMessenger Section" sortOrder="51" />
			</resource>
		</resources>
	</acl>
</config>